country_name,cat_Demographics_trend_slope,cat_Economy_trend_slope,cat_Education_trend_slope,cat_Governance_trend_slope,cat_Health_trend_slope,cat_Labor_trend_slope,cat_LegalAutonomy_trend_slope,cat_WBL_trend_slope,cat_Demographics_cagr,cat_Economy_cagr,cat_Education_cagr,cat_Governance_cagr,cat_Health_cagr,cat_Labor_cagr,cat_WBL_cagr,cat_Demographics_momentum,cat_Economy_momentum,cat_Education_momentum,cat_Governance_momentum,cat_Health_momentum,cat_Labor_momentum,cat_LegalAutonomy_momentum,cat_WBL_momentum,cat_Demographics_rolling_std_5y,cat_Economy_rolling_std_5y,cat_Education_rolling_std_5y,cat_Governance_rolling_std_5y,cat_Health_rolling_std_5y,cat_Labor_rolling_std_5y,cat_WBL_rolling_std_5y,cat_Demographics_spike,cat_Economy_spike,cat_Education_spike,cat_Governance_spike,cat_Health_spike,cat_Labor_spike,cat_LegalAutonomy_spike,cat_WBL_spike,cat_Demographics_dip,cat_Economy_dip,cat_Education_dip,cat_Governance_dip,cat_Health_dip,cat_Labor_dip,cat_LegalAutonomy_dip,cat_WBL_dip,cat_Demographics_coef_variation,cat_Economy_coef_variation,cat_Education_coef_variation,cat_Governance_coef_variation,cat_Health_coef_variation,cat_Labor_coef_variation,cat_LegalAutonomy_coef_variation,cat_WBL_coef_variation,traj_cluster,Cluster_Name,Cluster_Tagline
Algeria,0.5491357218130606,-0.4738516157334119,-0.35083911679414587,-0.24243367176491407,0.22416644989125498,-0.9218962770501486,0.071013568049949,-0.04667012863796456,1.1323625200113394,1.5477460426158842,0.0825614530977418,0.6660201977313079,0.6817007511384222,-1.190518456127536,0.7901170912831418,-0.3078734285006163,0.14685045741087147,-0.6468113613194929,0.0,-0.11089498877269337,0.5588077950527935,0.0,0.0,0.44403924312191845,-0.5215256833254907,-0.4044352270268337,-0.2415801343394088,-0.08502318457569362,0.6321209078392729,-0.2238671812181711,-0.06092552573339382,0.4345183497005309,0.3725996908147441,-0.38058163744342854,0.05597437115096575,2.0531017198117674,-0.5712632549439676,-0.9611565391767702,-0.4239587724799872,-0.6,-0.5880456141737572,0.2990912406624044,1.0274756006108074,0.34867037612347335,-0.2775559219717246,-0.355247378736614,-0.9849614778585398,-0.7712848961732284,-0.4618357845457204,-0.7255640324913619,-0.9911945788465403,-0.3496944564881076,-0.5983049736454378,-0.9396963442589408,1,Education-Led Social Improvers,"Social sectors (education, health) improving despite structural constraints."
Bahrain,-0.8823246924853932,0.7604556863734245,-0.3508390486124892,-0.24242949749055492,0.5625466827946043,0.3854278715254034,1.146375863356124,1.179822158136315,0.40699723571777113,-0.2265944612653448,0.10390134662720156,-0.011181159497026808,1.7305402016513045,1.1345770702140812,0.2531218658904583,-0.13845579151545725,-1.5869254231821912,-1.0563564974884254,0.0,3.6381867250621918,-0.3917575168130478,0.0,0.0,-0.9427125124977824,-0.07316004957997971,-0.40443456779956416,-0.24229415050845585,-0.8146222526591049,-1.1768743082657536,0.9343840430200278,-0.06092552573339382,-1.4801279892491763,-0.7144010279316728,0.11475238092112056,-0.8051698004023512,0.3941537492920092,1.2435511801057,1.0952005573186974,-0.4239587724799872,-0.6,-0.5880456141737572,-0.4177719193806416,1.0274756006108074,1.22399349609872,-0.2775559219717246,-0.355247378736614,0.31559040868382165,2.6041665251653403,-0.4426363694757344,0.5727125740310365,-0.17315364914999243,-0.35133421034437884,1.1849934974051732,0.7282565964309541,5,Steady Reformers,"Balanced, stable reform path with moderate gains and controlled volatility."
"Egypt, Arab Rep.",2.8223885292457256,-0.45629215637050774,-0.3508386284985564,-0.2417985083198414,0.04439920807809781,-0.7188976887273922,-0.7030618772781994,-0.08933830190877716,0.43490172043379,-0.7987056387019763,0.10145309200778027,0.6952297304354692,0.2936968855946211,0.1735292445230263,2.3635429930798657,-0.3786418464886628,2.4598797607285,-0.31906147906480387,0.0,-0.6232290129231776,1.225105194973942,0.0,0.0,2.775689623663856,-0.6017898498973359,-0.4044354113734452,-0.24217622785238807,-0.2614914128081574,1.554376153133531,-0.02219430303103746,-0.06092552573339382,0.4345183497005309,-0.7144010279316728,-0.8759156558079777,-1.666313971955668,-0.7118115643878296,-0.5712632549439676,0.06702200907096352,-0.4239587724799872,-0.6,1.2275326114055967,-0.4177719193806416,-0.7910652854260195,-0.5266527438517733,0.3621376241859003,0.6838252272528335,-0.993434146925544,-0.5805861518807409,-0.46386185087814186,0.15222402994181505,-0.5760520151045274,-0.6617779106020142,-0.7299935812170891,0.18298245756626644,1,Education-Led Social Improvers,"Social sectors (education, health) improving despite structural constraints."
"Iran, Islamic Rep.",1.3952181645350232,-0.5049504733163259,-0.35083868829434833,-0.24308592957444192,0.5039072765698482,-0.8395220537524348,-0.8096710703473436,-0.769852126625923,0.7572226198926996,1.8529914688437463,0.09518384978881375,0.10037823332015694,0.46793376585487784,0.08043342908753497,0.09628402458655173,-0.5044459941309785,-0.07120828623818873,-0.09343603346234367,-1.4329913537703773,-0.5109519888996098,-0.12030747826017886,0.0,0.0,1.3550255878876505,-0.4173475404138036,-0.4044351176680489,-0.24343666771146086,-0.15616142144746475,0.20162611208581208,-1.0384832917499676,1.2603509359546683,0.4345183497005309,-0.7144010279316728,-0.8759156558079777,-0.8051698004023512,-0.7118115643878296,-0.5712632549439676,-0.9611565391767702,1.5685367639794836,-0.6,-0.5880456141737572,-0.4177719193806416,-0.7910652854260195,-1.40197586382702,-0.2775559219717246,-0.355247378736614,-0.9283771630151646,-0.4836350082105245,-0.45887724498323945,-1.2425574493503821,-0.5156321942299029,-1.1685406446890991,-0.8059575684508431,-1.0869980116891007,1,Education-Led Social Improvers,"Social sectors (education, health) improving despite structural constraints."
Iraq,1.071438505711416,-0.258855160639784,2.7116302115982958,-0.24297415555937454,-0.6470042052729092,0.5000457364638861,-0.2163677350060083,-0.06626265718068447,-0.40170418391588014,-0.7407894079151267,1.002620701650042,0.16424970861852853,1.5108434880344075,0.4580280998617774,-0.3971119731589097,-0.21875261264684287,0.2289354145324346,1.8999194167351805,0.0,0.04616403320976472,0.46990564787667044,0.0,0.0,1.0063624274452223,-0.425411525361305,2.604215377472817,-0.24232895215262565,1.4113242517133575,0.016391640633789735,-0.07857015565548221,-1.382201987421456,1.3918415191753843,1.459600409561161,-0.8759156558079777,-1.666313971955668,-0.7118115643878296,-0.5712632549439676,-0.6184303564275256,-0.4239587724799872,-0.6,-0.5880456141737572,1.7328175607484966,-0.7910652854260195,1.22399349609872,-0.2775559219717246,-0.355247378736614,0.11256342402554162,1.0396336609999877,2.798914876998316,-0.2605123344962989,-0.5347009882628411,-0.22020396636879724,-0.37661354490648147,0.1525529667318138,1,Education-Led Social Improvers,"Social sectors (education, health) improving despite structural constraints."
Jordan,-0.3330998344111437,-0.44085849369741514,-0.35083898204013586,-0.24262460531049937,0.158127159718755,0.39216192170982284,0.10809502650877595,0.4344352944666072,0.7752208473568947,-0.04329415188669044,0.04441973615082407,0.09454009244774836,0.8538754089430368,0.20104818201039965,-0.0004411354171323358,-0.38293961090861656,-0.8313570616277758,0.32710326832907877,0.0,-0.4060714449250738,0.44965029228240455,0.0,0.0,-0.44113254735128526,-0.6404386404789247,-0.40443550575981474,-0.24244901503281502,-0.11939901564116091,-0.3707533417693348,0.20856754868263516,-0.06092552573339382,-0.5228048197743227,0.3725996908147441,0.6100863992856697,0.9171185427042827,-0.7118115643878296,0.33614396258086615,0.923837465944075,-0.4239587724799872,-0.6,-0.5880456141737572,0.2990912406624044,-0.7910652854260195,-1.40197586382702,-0.2775559219717246,-0.355247378736614,-0.051453737557815335,-0.2944989091284935,-0.4746170905128782,2.035368862221488,-0.5209590013118129,-0.8806802046002727,1.5311614237773785,1.7360104147548312,0,Steady Moderate Improvers,"Slow, consistent upward movement across most categories."
Kuwait,-0.6878870597675638,-0.034477739080790396,-0.3508387185382372,-0.24265366197661004,0.8053697585147664,0.6363286602491467,-0.1607455473177604,-0.5721852831060353,1.05347811690863,-0.5548914685365877,0.09021492347879335,-0.5902287520626954,0.28690158090078344,-0.17190360677013486,-0.28895951845436213,-0.7236783806274659,-0.1298554191011015,0.5439185712737653,0.0,-0.24781227348614587,0.25449995462489705,0.0,0.0,-0.7824700978518119,1.6030144299372193,-0.40443490064323867,-0.24264173728776706,-0.1445729887768142,-0.8715877787771725,-0.30907083281565295,-0.06092552573339382,-1.4801279892491763,-0.7144010279316728,1.1054204176502187,1.6318682050935343,0.9471364061319286,-0.5712632549439676,0.7524743745694527,-0.4239587724799872,1.7999999999999998,1.2275326114055967,-0.4177719193806416,-0.7910652854260195,-0.5266527438517733,-0.2775559219717246,-0.355247378736614,1.0888888137739852,-1.0937093806415061,-0.45888736978790956,1.240059218204596,2.9323460593742525,1.8601746918041873,-0.549375438357363,0.22208045594580525,0,Steady Moderate Improvers,"Slow, consistent upward movement across most categories."
Lebanon,-0.8076730021477955,-0.5302919602703564,0.10451934909950449,-0.2429102375377618,0.840208252876441,-0.14697500530207275,-0.8096710703473436,-0.711509930520934,-0.36004314001909127,1.4440536681343055,0.28548406091738376,-0.6529252335624723,0.37320120640898213,-0.24610779553826762,-0.6373529261727702,-0.15131199428154,0.5527002150982637,1.0613577369053757,-1.117226373941826,-0.12897224110089398,0.8256927207185719,0.0,0.0,-0.7590160107489893,-0.42816107552347016,-0.08205481295718041,-0.2421909230975027,-0.6214249651730956,-0.4769795015887184,-0.8775944110530766,1.2603509359546683,1.3918415191753843,-0.7144010279316728,2.5072156896218916,0.9171185427042827,-0.1588289075479102,-0.5712632549439676,0.06702200907096352,-0.4239587724799872,-0.6,-0.5880456141737572,-0.4177719193806416,1.0274756006108074,0.34867037612347335,-0.2775559219717246,-0.355247378736614,-0.303498492926532,2.0321092496235003,-0.35757788643693655,1.084738693330346,-0.300665521847747,-0.7069384201825601,-0.8059575684508431,-1.1257562718388574,1,Education-Led Social Improvers,"Social sectors (education, health) improving despite structural constraints."
Libya,-0.811262759783196,-0.6908176739871337,2.880438238059894,-0.24236246646722198,0.7884828543090322,0.7543778991530586,-0.1607455473177604,-0.12373407423933044,1.459492579282354,-1.9520681147788934,1.2093075471616768,0.6525738255934022,-1.2618584369029289,0.12912618524970962,-0.1350636954990619,0.8161607352585131,-0.468724869224946,0.9766321708266993,0.0,0.0535086557972067,0.26915211921269583,0.0,0.0,-0.8270368958357336,0.09936178253928347,2.982728469491433,-0.24312146817066363,-0.30287632545220694,-1.1648010194026106,-0.22863101812186584,-0.06092552573339382,-0.5228048197743227,2.361811006120685,0.11475238092112056,0.9171185427042827,-1.1707871695649628,-0.5712632549439676,-0.9611565391767702,1.5685367639794836,-0.6,-0.5880456141737572,-0.4177719193806416,1.0274756006108074,0.34867037612347335,-0.2775559219717246,-0.355247378736614,-0.9853899135774657,-0.5611656826295607,2.2282510235608672,-0.0846653806224218,-0.806577395983572,-1.2674408558470074,-0.6349028150551896,-0.630141592943183,1,Education-Led Social Improvers,"Social sectors (education, health) improving despite structural constraints."
Morocco,-0.07422434257698571,-0.5414244836398483,-0.35083813648647333,-0.24221299962257906,-2.9191050770446867,-2.0983965588990054,-0.06804190117068563,0.5955294180400839,-0.714124907666298,-1.0367341719356116,0.1457957472337058,2.5578956176836125,-0.27879779083360456,-0.8648597864540217,2.473507552155496,-0.19217551510123615,0.11757871207654086,-0.3070402440730291,0.0,-0.1417017464328678,0.5872348184181775,0.0,0.0,-0.1333314941209721,-0.6490096321644666,-0.40443505354398485,-0.24181834588392714,2.4671771094643593,-0.29675220640303734,0.7345013688996116,-1.382201987421456,0.4345183497005309,-0.7144010279316728,-0.38058163744342854,-0.8051698004023512,-0.7118115643878296,-0.5712632549439676,-0.9611565391767702,-0.4239587724799872,1.7999999999999998,-0.5880456141737572,3.5178068292556772,-0.7910652854260195,0.34867037612347335,4.078757127361693,3.9610602265435437,-1.2931161465050207,-0.6320352177133974,-0.4267058525741909,-0.8744196742480749,-0.12606843986555888,-0.845723284808563,-0.6430329667491061,-0.7462972134711242,2,Morocco,Chronic negative trajectory and long-term decline across dimensions.
Oman,-0.6878268763279588,0.19469511365168224,-0.35083915204082095,-0.24314062222007043,0.8262889823737561,0.46422938131563674,-0.4110453919148907,-0.7763829694734964,-1.2152827499382763,0.9749059547044064,0.02223062489098374,-1.1692763446283643,-1.4906313292360849,-1.5632925603872412,0.3159653351322237,-0.1774214554196056,-1.1756165174361874,0.5972231045847257,0.0,0.32429547368618244,0.8610245779868718,0.0,0.0,-0.7904918161343636,0.10555547375691063,-0.40443482886362186,-0.24354883861116888,0.2613445433867555,-0.456570529555839,-0.8344562538340129,-1.382201987421456,-0.5228048197743227,0.3725996908147441,0.11475238092112056,0.9171185427042827,1.500119062971848,0.15466251907589942,0.06702200907096352,3.222308059240841,-0.6,-0.5880456141737572,-0.4177719193806416,-0.7910652854260195,-0.5266527438517733,-0.2775559219717246,0.26819618485705443,0.449038947206279,0.5237229032903179,-0.45452598256677057,-0.9226661174012922,1.4695806418200215,0.7499520151223117,1.1305043234588295,1.2874966530204206,0,Steady Moderate Improvers,"Slow, consistent upward movement across most categories."
Qatar,-0.7520152345327032,3.2516130603072857,-0.3508393632375002,-0.24280488661888963,0.5704147875051564,0.698742711122137,-0.6288989603605306,-1.033580622496631,0.6051547347992264,0.8300065407071024,-0.037022619365903044,-1.3285358256331392,0.21193817301308424,-1.5551088740273045,-1.296611321964046,-0.5404088040952958,-0.6734192040772953,-1.5862025960234312,0.0,-1.2414668690346877,0.5094566652359503,0.0,0.0,-0.8244937057030368,3.3060096364700393,-0.40443457110752395,-0.24291079201318863,-1.1389884713095737,-1.1735664059391666,-0.8605260418053726,-1.382201987421456,-0.5228048197743227,1.459600409561161,2.096088454379317,-1.666313971955668,-0.7118115643878296,0.15466251907589942,0.06702200907096352,-0.4239587724799872,0.6,-0.5880456141737572,-0.4177719193806416,-0.7910652854260195,-1.40197586382702,-0.2775559219717246,-0.355247378736614,2.607217738312492,0.08465097904797374,-0.4332987664666792,0.6250100354285983,0.3445104367698939,1.7984908350343811,-0.15070943089109543,-0.7907182174850041,0,Steady Moderate Improvers,"Slow, consistent upward movement across most categories."
Saudi Arabia,0.6785193143467513,1.5561812179373422,-0.350838828610278,-0.24232424837314964,0.3947615341255441,1.5090273541017318,2.096588236363719,2.3719970426942125,-1.474797687761605,0.46958649738867025,0.04842369715303259,-0.5902287520626954,-1.0390446843426666,0.08112531642018415,0.13602783609966407,0.03572941415946642,0.04234296863163222,0.1792759265618248,0.0,-0.2549752919737369,-0.5984549263889147,0.0,0.0,0.7933742503497788,0.34628908298785416,-0.4044349144081699,-0.2433837203756704,-1.0542083917002802,-0.016471977000639616,2.4967529120169694,1.2603509359546683,0.4345183497005309,-0.7144010279316728,-0.8759156558079777,0.05597437115096575,2.0531017198117674,2.6336990373537446,1.0952005573186974,-0.4239587724799872,-0.6,1.2275326114055967,-0.4177719193806416,-0.7910652854260195,-0.5266527438517733,-0.2775559219717246,-0.355247378736614,-0.034298466892977116,0.3155201876441551,-0.45839322184342435,1.1876665679180973,0.09767117284678452,0.8493564266413981,1.9032651535591234,1.0614053353050785,5,Steady Reformers,"Balanced, stable reform path with moderate gains and controlled volatility."
Syrian Arab Republic,-0.6030261614129256,-0.809336570162828,-0.3508385191544071,-0.243000045468057,0.11565226577033814,-2.270167655573157,0.18225794342644472,-0.11197855711369833,0.12101034906356906,0.23442664227532786,0.10914403240028463,0.21023960940438885,-0.05742284911990415,-0.8504643429228755,-1.2992800011512315,0.2691199149229821,-0.3204458525304243,1.0681255496235647,3.6674441016540302,-0.2438017859592819,-0.6287069425928009,0.0,0.0,0.2985886141896321,-0.6036039887085973,-0.40443532303907426,-0.24340284728711425,-0.24422839557079976,1.2377491803223686,-0.06499552336361786,-0.06092552573339382,2.186419749839511,-0.7144010279316728,0.11475238092112056,0.05597437115096575,0.3941537492920092,-0.5712632549439676,-0.6184303564275256,-0.4239587724799872,-0.6,2.734462538636457,-0.4177719193806416,0.11820515759239394,0.34867037612347335,-0.2775559219717246,0.060381663659164954,0.5231830435282055,0.29535369793190114,-0.45186213558081273,-1.4930207571119505,-0.8105813251152024,0.0963962115868376,-0.019335996933011516,-0.3281486068745297,1,Education-Led Social Improvers,"Social sectors (education, health) improving despite structural constraints."
Tunisia,-0.7438352555197247,-0.6141170269689543,-0.3508383980308076,-0.24209207687710857,0.5301587996945353,-0.27051243514657225,-0.8096710703473436,-0.5626067135962611,1.2969799046535222,0.237627372300797,0.1078346686354106,0.47081758076232116,0.6848249386727479,0.03644326888545849,-0.5643270822091402,-0.3967392774449763,0.4292680236040081,0.3092139578565234,0.0,-0.24188735688073945,0.35617219259772853,0.0,0.0,-0.8160738038976183,-0.6321446812241618,-0.40443516921403994,-0.24150269745269098,-0.8831760975048273,0.2742322923622885,-0.7812360989504529,-0.06092552573339382,0.4345183497005309,-0.7144010279316728,0.11475238092112056,0.9171185427042827,-0.7118115643878296,-0.5712632549439676,-0.9611565391767702,-0.4239587724799872,1.7999999999999998,1.2275326114055967,-0.4177719193806416,-0.7910652854260195,1.22399349609872,-0.2775559219717246,-0.355247378736614,-0.9920335028861534,-1.2099148763539873,-0.4525292499694131,0.1716096931481369,-0.7965939567707156,-0.8753756709373226,-0.8059575684508431,-1.0407415801698243,1,Education-Led Social Improvers,"Social sectors (education, health) improving despite structural constraints."
United Arab Emirates,-0.28700606751266683,0.7814625414915526,-0.7848465843646181,-0.24105929614838106,0.21677736007157936,1.128800115367532,2.792931674397542,2.2469618794298047,-1.813342439053471,-0.8184993553477481,-3.897477796245317,0.6662835998912697,-2.206146199404909,2.1841843076201597,-0.4517540105031737,-0.4935945152734915,-1.057742529050437,-2.303569068369007,0.0,1.1162537207392456,-2.404960427504237,0.0,0.0,-0.37025549532318225,0.8484384259543833,0.15720153560494746,-0.24079165740699354,-0.960714196899681,-0.6070054422037755,2.2090690294835995,-0.06092552573339382,-0.5228048197743227,1.459600409561161,-0.8759156558079777,0.05597437115096575,0.3941537492920092,2.3324398411355003,2.801976947409932,-0.4239587724799872,1.7999999999999998,-0.5880456141737572,-0.4177719193806416,2.5368645360213704,0.34867037612347335,-0.2775559219717246,-0.355247378736614,1.6228615284676056,-0.17833039827468042,1.519537089421337,0.5212101244892422,1.5368394607303828,1.8826968113777685,1.9821321918084844,2.106552009581653,3,UAE,"High-performing accelerator with strong, broad-based improvements."
West Bank and Gaza,-0.7745004104177746,-0.4578167333578735,-0.350838607128999,4.1231050677934125,-1.0686240695940585,0.10069657616828048,-0.8096710703473436,-1.0223780500654267,-1.1197297413378569,-0.6692328082331306,0.09073261804223816,0.3008217713167295,-0.8027235560357542,1.9466464679129534,-0.6665665664414354,3.884173149802353,2.200601421524674,-0.8295683494580305,-1.117226373941826,-0.8534770591242509,-2.5770798228852327,0.0,0.0,-0.8443998164808197,-0.6414542533303503,-0.4044353765717297,4.123104402582946,0.6521213233001846,2.760958303696174,-0.11840891374236448,-0.06092552573339382,-0.5228048197743227,-0.7144010279316728,-0.8759156558079777,0.05597437115096575,-0.7118115643878296,-0.5712632549439676,0.06702200907096352,-0.4239587724799872,-0.6,-0.5880456141737572,-0.4177719193806416,0.11820515759239394,1.9505116856781732,-0.2775559219717246,-0.355247378736614,0.27117897163530313,-0.16627586864288862,-0.46427791148592423,-1.5954553364071085,0.39033350281978724,0.010295416839382685,-0.8059575684508431,0.2034486709600852,4,Palestine,Stagnating under structural and political pressure.
"Yemen, Rep.",0.9279814612438546,-0.7313175325360572,-0.3508370269258772,-0.24319815846395623,-1.9465280203820559,0.6965294472741483,-0.8096710703473436,-0.9422663778018602,-0.9437957784273183,-0.7505346083691286,0.39519231637530766,-2.2366738997585416,0.04116844566358543,0.017113850442096495,-0.6910984672561384,-0.39874398770852887,0.13713818886162213,0.1792759265618248,0.0,-0.17316654898143166,0.3545651354637097,0.0,0.0,0.8583344492875365,-0.6746219116378049,-0.40443460259292696,-0.24352622739910557,1.9949198916542026,-0.066092079167191,-1.1452408767617661,2.3570103991557576,-1.4801279892491763,-0.7144010279316728,-0.8759156558079777,0.9171185427042827,-0.7118115643878296,-0.5712632549439676,-0.9611565391767702,-0.4239587724799872,-0.6,-0.5880456141737572,-0.4177719193806416,1.0274756006108074,-1.40197586382702,-0.2775559219717246,-0.355247378736614,-0.4239598274880222,-0.9237208140541682,-0.28681627287274536,-0.39173871658446946,-0.6191022078727106,0.08034721646185344,-0.8059575684508431,-0.9922877215663432,1,Education-Led Social Improvers,"Social sectors (education, health) improving despite structural constraints."
